date,client,portfolio,stock
January-2025,Wilson Asset Management,WAA,360
January-2025,Wilson Asset Management,WAA,A2M
January-2025,Wilson Asset Management,WAA,ADH
January-2025,Wilson Asset Management,WAA,ALQ
January-2025,Wilson Asset Management,WAA,AMP
January-2025,Wilson Asset Management,WAA,ASB
January-2025,Wilson Asset Management,WAA,CAR
January-2025,Wilson Asset Management,WAA,DGT
January-2025,Wilson Asset Management,WAA,HMC
January-2025,Wilson Asset Management,WAA,HUB
January-2025,Wilson Asset Management,WAA,IDX
January-2025,Wilson Asset Management,WAA,INA
January-2025,Wilson Asset Management,WAA,JDO
January-2025,Wilson Asset Management,WAA,KBC
January-2025,Wilson Asset Management,WAA,MGH
January-2025,Wilson Asset Management,WAA,NWH
January-2025,Wilson Asset Management,WAA,PBH
January-2025,Wilson Asset Management,WAA,PNI
January-2025,Wilson Asset Management,WAA,SRG
January-2025,Wilson Asset Management,WAA,ZIP
January-2025,Wilson Asset Management,WAM,360
January-2025,Wilson Asset Management,WAM,A2M
January-2025,Wilson Asset Management,WAM,ALQ
January-2025,Wilson Asset Management,WAM,AMP
January-2025,Wilson Asset Management,WAM,CDA
January-2025,Wilson Asset Management,WAM,GDG
January-2025,Wilson Asset Management,WAM,GEM
January-2025,Wilson Asset Management,WAM,GTK
January-2025,Wilson Asset Management,WAM,HMC
January-2025,Wilson Asset Management,WAM,IRE
January-2025,Wilson Asset Management,WAM,JDO
January-2025,Wilson Asset Management,WAM,MFT
January-2025,Wilson Asset Management,WAM,MGH
January-2025,Wilson Asset Management,WAM,NWH
January-2025,Wilson Asset Management,WAM,PGC
January-2025,Wilson Asset Management,WAM,REG
January-2025,Wilson Asset Management,WAM,SNL
January-2025,Wilson Asset Management,WAM,SSM
January-2025,Wilson Asset Management,WAM,SUM
January-2025,Wilson Asset Management,WAM,TUA
January-2025,Wilson Asset Management,WAR,AOF
January-2025,Wilson Asset Management,WAR,CD2
January-2025,Wilson Asset Management,WAR,CD3
January-2025,Wilson Asset Management,WAR,CIN
January-2025,Wilson Asset Management,WAR,CIW
January-2025,Wilson Asset Management,WAR,DSK
January-2025,Wilson Asset Management,WAR,GDC
January-2025,Wilson Asset Management,WAR,LRK
January-2025,Wilson Asset Management,WAR,NGE
January-2025,Wilson Asset Management,WAR,NSC
January-2025,Wilson Asset Management,WAR,PAI
January-2025,Wilson Asset Management,WAR,PIA
January-2025,Wilson Asset Management,WAR,PIC
January-2025,Wilson Asset Management,WAR,PMC
January-2025,Wilson Asset Management,WAR,RG8
January-2025,Wilson Asset Management,WAR,SB2
January-2025,Wilson Asset Management,WAR,TEK
January-2025,Wilson Asset Management,WAR,VG1
January-2025,Wilson Asset Management,WAR,WGB
January-2025,Wilson Asset Management,WAR,WQG
January-2025,Wilson Asset Management,WMI,ADH
January-2025,Wilson Asset Management,WMI,AIM
January-2025,Wilson Asset Management,WMI,ANG
January-2025,Wilson Asset Management,WMI,APX
January-2025,Wilson Asset Management,WMI,BVS
January-2025,Wilson Asset Management,WMI,EML
January-2025,Wilson Asset Management,WMI,EVO
January-2025,Wilson Asset Management,WMI,GDG
January-2025,Wilson Asset Management,WMI,GTK
January-2025,Wilson Asset Management,WMI,IDX
January-2025,Wilson Asset Management,WMI,PBH
January-2025,Wilson Asset Management,WMI,PGC
January-2025,Wilson Asset Management,WMI,QOR
January-2025,Wilson Asset Management,WMI,REG
January-2025,Wilson Asset Management,WMI,SLC
January-2025,Wilson Asset Management,WMI,SNL
January-2025,Wilson Asset Management,WMI,SSM
January-2025,Wilson Asset Management,WMI,TUA
January-2025,Wilson Asset Management,WMI,UNI
February-2025,Wilson Asset Management,WAA,360
February-2025,Wilson Asset Management,WAA,A2M
February-2025,Wilson Asset Management,WAA,ALQ
February-2025,Wilson Asset Management,WAA,ASB
February-2025,Wilson Asset Management,WAA,CAR
February-2025,Wilson Asset Management,WAA,GDG
February-2025,Wilson Asset Management,WAA,HSN
February-2025,Wilson Asset Management,WAA,HUB
February-2025,Wilson Asset Management,WAA,IDX
February-2025,Wilson Asset Management,WAA,KBC
February-2025,Wilson Asset Management,WAA,OML
February-2025,Wilson Asset Management,WAA,ORI
February-2025,Wilson Asset Management,WAA,PBH
February-2025,Wilson Asset Management,WAA,PYC
February-2025,Wilson Asset Management,WAA,QOR
February-2025,Wilson Asset Management,WAA,SEK
February-2025,Wilson Asset Management,WAA,SRG
February-2025,Wilson Asset Management,WAA,SUM
February-2025,Wilson Asset Management,WAA,TLX
February-2025,Wilson Asset Management,WAA,WEB
February-2025,Wilson Asset Management,WAM,A2M
February-2025,Wilson Asset Management,WAM,ALQ
February-2025,Wilson Asset Management,WAM,AMP
February-2025,Wilson Asset Management,WAM,EVT
February-2025,Wilson Asset Management,WAM,GDG
February-2025,Wilson Asset Management,WAM,GEM
February-2025,Wilson Asset Management,WAM,GTK
February-2025,Wilson Asset Management,WAM,HUB
February-2025,Wilson Asset Management,WAM,INA
February-2025,Wilson Asset Management,WAM,JDO
February-2025,Wilson Asset Management,WAM,MGH
February-2025,Wilson Asset Management,WAM,MYR
February-2025,Wilson Asset Management,WAM,NWH
February-2025,Wilson Asset Management,WAM,NWS
February-2025,Wilson Asset Management,WAM,PGC
February-2025,Wilson Asset Management,WAM,SRG
February-2025,Wilson Asset Management,WAM,SSM
February-2025,Wilson Asset Management,WAM,TUA
February-2025,Wilson Asset Management,WAR,AOF
February-2025,Wilson Asset Management,WAR,CD2
February-2025,Wilson Asset Management,WAR,CD3
February-2025,Wilson Asset Management,WAR,CIN
February-2025,Wilson Asset Management,WAR,CIW
February-2025,Wilson Asset Management,WAR,DSK
February-2025,Wilson Asset Management,WAR,GDC
February-2025,Wilson Asset Management,WAR,LRK
February-2025,Wilson Asset Management,WAR,NGE
February-2025,Wilson Asset Management,WAR,NSC
February-2025,Wilson Asset Management,WAR,PAI
February-2025,Wilson Asset Management,WAR,PIA
February-2025,Wilson Asset Management,WAR,PIC
February-2025,Wilson Asset Management,WAR,PMC
February-2025,Wilson Asset Management,WAR,RG8
February-2025,Wilson Asset Management,WAR,SB2
February-2025,Wilson Asset Management,WAR,TEK
February-2025,Wilson Asset Management,WAR,VG1
February-2025,Wilson Asset Management,WAR,WGB
February-2025,Wilson Asset Management,WAR,WQG
February-2025,Wilson Asset Management,WAX,ACL
February-2025,Wilson Asset Management,WAX,BGA
February-2025,Wilson Asset Management,WAX,BLX
February-2025,Wilson Asset Management,WAX,BVS
February-2025,Wilson Asset Management,WAX,CTD
February-2025,Wilson Asset Management,WAX,EVT
February-2025,Wilson Asset Management,WAX,GDG
February-2025,Wilson Asset Management,WAX,GEM
February-2025,Wilson Asset Management,WAX,GTK
February-2025,Wilson Asset Management,WAX,HMC
February-2025,Wilson Asset Management,WAX,IDX
February-2025,Wilson Asset Management,WAX,JDO
February-2025,Wilson Asset Management,WAX,MGH
February-2025,Wilson Asset Management,WAX,MYR
February-2025,Wilson Asset Management,WAX,PGC
February-2025,Wilson Asset Management,WAX,REG
February-2025,Wilson Asset Management,WAX,RIC
February-2025,Wilson Asset Management,WAX,SSM
February-2025,Wilson Asset Management,WAX,SUM
February-2025,Wilson Asset Management,WAX,TUA
March-2025,Wilson Asset Management,WAA,360
March-2025,Wilson Asset Management,WAA,A2M
March-2025,Wilson Asset Management,WAA,ABB
March-2025,Wilson Asset Management,WAA,ALQ
March-2025,Wilson Asset Management,WAA,BGA
March-2025,Wilson Asset Management,WAA,CAT
March-2025,Wilson Asset Management,WAA,CDA
March-2025,Wilson Asset Management,WAA,CKF
March-2025,Wilson Asset Management,WAA,DVP
March-2025,Wilson Asset Management,WAA,GDG
March-2025,Wilson Asset Management,WAA,HUB
March-2025,Wilson Asset Management,WAA,INA
March-2025,Wilson Asset Management,WAA,JDO
March-2025,Wilson Asset Management,WAA,KBC
March-2025,Wilson Asset Management,WAA,QOR
March-2025,Wilson Asset Management,WAA,SRG
March-2025,Wilson Asset Management,WAA,SUM
March-2025,Wilson Asset Management,WAA,SYL
March-2025,Wilson Asset Management,WAA,TUA
March-2025,Wilson Asset Management,WAM,360
March-2025,Wilson Asset Management,WAM,A2M
March-2025,Wilson Asset Management,WAM,ALQ
March-2025,Wilson Asset Management,WAM,BGA
March-2025,Wilson Asset Management,WAM,CAR
March-2025,Wilson Asset Management,WAM,EVT
March-2025,Wilson Asset Management,WAM,GDG
March-2025,Wilson Asset Management,WAM,GEM
March-2025,Wilson Asset Management,WAM,HUB
March-2025,Wilson Asset Management,WAM,INA
March-2025,Wilson Asset Management,WAM,IRE
March-2025,Wilson Asset Management,WAM,JDO
March-2025,Wilson Asset Management,WAM,MGH
March-2025,Wilson Asset Management,WAM,MYR
March-2025,Wilson Asset Management,WAM,NWH
March-2025,Wilson Asset Management,WAM,OML
March-2025,Wilson Asset Management,WAM,SSM
March-2025,Wilson Asset Management,WAM,TUA
March-2025,Wilson Asset Management,WAX,ACL
March-2025,Wilson Asset Management,WAX,BGA
March-2025,Wilson Asset Management,WAX,BVS
March-2025,Wilson Asset Management,WAX,CKF
March-2025,Wilson Asset Management,WAX,EVT
March-2025,Wilson Asset Management,WAX,GDG
March-2025,Wilson Asset Management,WAX,GEM
March-2025,Wilson Asset Management,WAX,GTK
March-2025,Wilson Asset Management,WAX,IDX
March-2025,Wilson Asset Management,WAX,JDO
March-2025,Wilson Asset Management,WAX,MGH
March-2025,Wilson Asset Management,WAX,MYR
March-2025,Wilson Asset Management,WAX,PGC
March-2025,Wilson Asset Management,WAX,REG
March-2025,Wilson Asset Management,WAX,RIC
March-2025,Wilson Asset Management,WAX,SIG
March-2025,Wilson Asset Management,WAX,SSM
March-2025,Wilson Asset Management,WAX,SUM
March-2025,Wilson Asset Management,WAX,TNE
March-2025,Wilson Asset Management,WAX,TUA
March-2025,Wilson Asset Management,WGB,ADBE
March-2025,Wilson Asset Management,WGB,AVTR
March-2025,Wilson Asset Management,WGB,BRO
March-2025,Wilson Asset Management,WGB,CME
March-2025,Wilson Asset Management,WGB,EVD
March-2025,Wilson Asset Management,WGB,GOOG
March-2025,Wilson Asset Management,WGB,HEM
March-2025,Wilson Asset Management,WGB,ICE
March-2025,Wilson Asset Management,WGB,IDXX
March-2025,Wilson Asset Management,WGB,INTU
March-2025,Wilson Asset Management,WGB,MKTX
March-2025,Wilson Asset Management,WGB,MSCI
March-2025,Wilson Asset Management,WGB,PWR
March-2025,Wilson Asset Management,WGB,RBA
March-2025,Wilson Asset Management,WGB,SAF
March-2025,Wilson Asset Management,WGB,SAP
March-2025,Wilson Asset Management,WGB,TMO
March-2025,Wilson Asset Management,WGB,TRU
March-2025,Wilson Asset Management,WGB,TW
March-2025,Wilson Asset Management,WGB,V
March-2025,Wilson Asset Management,WMI,AIM
March-2025,Wilson Asset Management,WMI,ANG
March-2025,Wilson Asset Management,WMI,BVS
March-2025,Wilson Asset Management,WMI,EOL
March-2025,Wilson Asset Management,WMI,EVO
March-2025,Wilson Asset Management,WMI,FCL
March-2025,Wilson Asset Management,WMI,GDG
March-2025,Wilson Asset Management,WMI,GNP
March-2025,Wilson Asset Management,WMI,GTK
March-2025,Wilson Asset Management,WMI,MYR
March-2025,Wilson Asset Management,WMI,NZX
March-2025,Wilson Asset Management,WMI,PGC
March-2025,Wilson Asset Management,WMI,QOR
March-2025,Wilson Asset Management,WMI,SMP
March-2025,Wilson Asset Management,WMI,SSM
March-2025,Wilson Asset Management,WMI,TEA
March-2025,Wilson Asset Management,WMI,TRA
March-2025,Wilson Asset Management,WMI,TUA
March-2025,Wilson Asset Management,WMI,UNI
April-2025,Wilson Asset Management,WAA,360
April-2025,Wilson Asset Management,WAA,A2M
April-2025,Wilson Asset Management,WAA,ABB
April-2025,Wilson Asset Management,WAA,ALQ
April-2025,Wilson Asset Management,WAA,APE
April-2025,Wilson Asset Management,WAA,BBT
April-2025,Wilson Asset Management,WAA,BGA
April-2025,Wilson Asset Management,WAA,CAT
April-2025,Wilson Asset Management,WAA,CDA
April-2025,Wilson Asset Management,WAA,CKF
April-2025,Wilson Asset Management,WAA,KBC
April-2025,Wilson Asset Management,WAA,MGH
April-2025,Wilson Asset Management,WAA,MP1
April-2025,Wilson Asset Management,WAA,NWL
April-2025,Wilson Asset Management,WAA,NWS
April-2025,Wilson Asset Management,WAA,OML
April-2025,Wilson Asset Management,WAA,SRG
April-2025,Wilson Asset Management,WAA,SUM
April-2025,Wilson Asset Management,WAA,TNE
April-2025,Wilson Asset Management,WAA,ZIP
April-2025,Wilson Asset Management,WAM,360
April-2025,Wilson Asset Management,WAM,A2M
April-2025,Wilson Asset Management,WAM,BVS
April-2025,Wilson Asset Management,WAM,CAT
April-2025,Wilson Asset Management,WAM,CDA
April-2025,Wilson Asset Management,WAM,CKF
April-2025,Wilson Asset Management,WAM,GDG
April-2025,Wilson Asset Management,WAM,GEM
April-2025,Wilson Asset Management,WAM,INA
April-2025,Wilson Asset Management,WAM,IRE
April-2025,Wilson Asset Management,WAM,JDO
April-2025,Wilson Asset Management,WAM,MGH
April-2025,Wilson Asset Management,WAM,MND
April-2025,Wilson Asset Management,WAM,MP1
April-2025,Wilson Asset Management,WAM,MYR
April-2025,Wilson Asset Management,WAM,OML
April-2025,Wilson Asset Management,WAM,PGC
April-2025,Wilson Asset Management,WAM,SSM
April-2025,Wilson Asset Management,WAM,SUM
April-2025,Wilson Asset Management,WAM,TUA
April-2025,Wilson Asset Management,WAR,AOF
April-2025,Wilson Asset Management,WAR,CD2
April-2025,Wilson Asset Management,WAR,CD3
April-2025,Wilson Asset Management,WAR,CIN
April-2025,Wilson Asset Management,WAR,CIW
April-2025,Wilson Asset Management,WAR,GDC
April-2025,Wilson Asset Management,WAR,LRK
April-2025,Wilson Asset Management,WAR,LSF
April-2025,Wilson Asset Management,WAR,NGE
April-2025,Wilson Asset Management,WAR,NSC
April-2025,Wilson Asset Management,WAR,PAI
April-2025,Wilson Asset Management,WAR,PIA
April-2025,Wilson Asset Management,WAR,PIC
April-2025,Wilson Asset Management,WAR,PMC
April-2025,Wilson Asset Management,WAR,RG8
April-2025,Wilson Asset Management,WAR,SB2
April-2025,Wilson Asset Management,WAR,TEK
April-2025,Wilson Asset Management,WAR,VG1
April-2025,Wilson Asset Management,WAR,WGB
April-2025,Wilson Asset Management,WAR,WQG
April-2025,Wilson Asset Management,WAX,ACL
April-2025,Wilson Asset Management,WAX,BGA
April-2025,Wilson Asset Management,WAX,BLX
April-2025,Wilson Asset Management,WAX,BVS
April-2025,Wilson Asset Management,WAX,CKF
April-2025,Wilson Asset Management,WAX,CTD
April-2025,Wilson Asset Management,WAX,EVT
April-2025,Wilson Asset Management,WAX,GDG
April-2025,Wilson Asset Management,WAX,GEM
April-2025,Wilson Asset Management,WAX,GTK
April-2025,Wilson Asset Management,WAX,JDO
April-2025,Wilson Asset Management,WAX,MGH
April-2025,Wilson Asset Management,WAX,MYR
April-2025,Wilson Asset Management,WAX,PGC
April-2025,Wilson Asset Management,WAX,RIC
April-2025,Wilson Asset Management,WAX,SSM
April-2025,Wilson Asset Management,WAX,TNE
April-2025,Wilson Asset Management,WAX,TUA
April-2025,Wilson Asset Management,WAX,WEB
April-2025,Wilson Asset Management,WMI,AIM
April-2025,Wilson Asset Management,WMI,ANG
April-2025,Wilson Asset Management,WMI,BVS
April-2025,Wilson Asset Management,WMI,EOL
April-2025,Wilson Asset Management,WMI,EVO
April-2025,Wilson Asset Management,WMI,FCL
April-2025,Wilson Asset Management,WMI,GDG
April-2025,Wilson Asset Management,WMI,GNP
April-2025,Wilson Asset Management,WMI,KLS
April-2025,Wilson Asset Management,WMI,NZM
April-2025,Wilson Asset Management,WMI,NZX
April-2025,Wilson Asset Management,WMI,PGC
April-2025,Wilson Asset Management,WMI,QOR
April-2025,Wilson Asset Management,WMI,SMP
April-2025,Wilson Asset Management,WMI,SSM
April-2025,Wilson Asset Management,WMI,TEA
April-2025,Wilson Asset Management,WMI,TRA
April-2025,Wilson Asset Management,WMI,TUA
April-2025,Wilson Asset Management,WMI,UNI
May-2025,Wilson Asset Management,WAA,360
May-2025,Wilson Asset Management,WAA,ABB
May-2025,Wilson Asset Management,WAA,ALQ
May-2025,Wilson Asset Management,WAA,BBT
May-2025,Wilson Asset Management,WAA,BRG
May-2025,Wilson Asset Management,WAA,CAT
May-2025,Wilson Asset Management,WAA,CDA
May-2025,Wilson Asset Management,WAA,DGT
May-2025,Wilson Asset Management,WAA,GDG
May-2025,Wilson Asset Management,WAA,GTK
May-2025,Wilson Asset Management,WAA,KBC
May-2025,Wilson Asset Management,WAA,MGH
May-2025,Wilson Asset Management,WAA,MP1
May-2025,Wilson Asset Management,WAA,RIC
May-2025,Wilson Asset Management,WAA,SEK
May-2025,Wilson Asset Management,WAA,SRG
May-2025,Wilson Asset Management,WAA,SUM
May-2025,Wilson Asset Management,WAA,TAH
May-2025,Wilson Asset Management,WAA,TUA
May-2025,Wilson Asset Management,WAA,WEB
May-2025,Wilson Asset Management,WAM,360
May-2025,Wilson Asset Management,WAM,A2M
May-2025,Wilson Asset Management,WAM,BRG
May-2025,Wilson Asset Management,WAM,CAR
May-2025,Wilson Asset Management,WAM,CAT
May-2025,Wilson Asset Management,WAM,CDA
May-2025,Wilson Asset Management,WAM,CKF
May-2025,Wilson Asset Management,WAM,GDG
May-2025,Wilson Asset Management,WAM,GEM
May-2025,Wilson Asset Management,WAM,GTK
May-2025,Wilson Asset Management,WAM,IDX
May-2025,Wilson Asset Management,WAM,INA
May-2025,Wilson Asset Management,WAM,MGH
May-2025,Wilson Asset Management,WAM,MP1
May-2025,Wilson Asset Management,WAM,MYR
May-2025,Wilson Asset Management,WAM,PGC
May-2025,Wilson Asset Management,WAM,RIC
May-2025,Wilson Asset Management,WAM,TUA
May-2025,Wilson Asset Management,WAM,WEB
May-2025,Wilson Asset Management,WAR,AOF
May-2025,Wilson Asset Management,WAR,CD2
May-2025,Wilson Asset Management,WAR,CD3
May-2025,Wilson Asset Management,WAR,CIN
May-2025,Wilson Asset Management,WAR,CIW
May-2025,Wilson Asset Management,WAR,GDC
May-2025,Wilson Asset Management,WAR,LRK
May-2025,Wilson Asset Management,WAR,LRT
May-2025,Wilson Asset Management,WAR,LSF
May-2025,Wilson Asset Management,WAR,NGE
May-2025,Wilson Asset Management,WAR,NSC
May-2025,Wilson Asset Management,WAR,PAI
May-2025,Wilson Asset Management,WAR,PIA
May-2025,Wilson Asset Management,WAR,PIC
May-2025,Wilson Asset Management,WAR,PMC
May-2025,Wilson Asset Management,WAR,RG8
May-2025,Wilson Asset Management,WAR,SB2
May-2025,Wilson Asset Management,WAR,VG1
May-2025,Wilson Asset Management,WAR,WGB
May-2025,Wilson Asset Management,WAR,WQG
May-2025,Wilson Asset Management,WGB,ADBE
May-2025,Wilson Asset Management,WGB,CME
May-2025,Wilson Asset Management,WGB,EVD
May-2025,Wilson Asset Management,WGB,EW
May-2025,Wilson Asset Management,WGB,GOOG
May-2025,Wilson Asset Management,WGB,HEM
May-2025,Wilson Asset Management,WGB,ICE
May-2025,Wilson Asset Management,WGB,IDXX
May-2025,Wilson Asset Management,WGB,INTU
May-2025,Wilson Asset Management,WGB,LTMC
May-2025,Wilson Asset Management,WGB,MKTX
May-2025,Wilson Asset Management,WGB,MSCI
May-2025,Wilson Asset Management,WGB,PWR
May-2025,Wilson Asset Management,WGB,RBA
May-2025,Wilson Asset Management,WGB,SAF
May-2025,Wilson Asset Management,WGB,SAP
May-2025,Wilson Asset Management,WGB,TMO
May-2025,Wilson Asset Management,WGB,TRU
May-2025,Wilson Asset Management,WGB,TW
May-2025,Wilson Asset Management,WGB,V
May-2025,Wilson Asset Management,WLE,ALL
May-2025,Wilson Asset Management,WLE,AMC
May-2025,Wilson Asset Management,WLE,ANZ
May-2025,Wilson Asset Management,WLE,APA
May-2025,Wilson Asset Management,WLE,BHP
May-2025,Wilson Asset Management,WLE,CGF
May-2025,Wilson Asset Management,WLE,CSL
May-2025,Wilson Asset Management,WLE,GMG
May-2025,Wilson Asset Management,WLE,IAG
May-2025,Wilson Asset Management,WLE,JHX
May-2025,Wilson Asset Management,WLE,MQG
May-2025,Wilson Asset Management,WLE,NXT
May-2025,Wilson Asset Management,WLE,RIO
May-2025,Wilson Asset Management,WLE,S32
May-2025,Wilson Asset Management,WLE,SPK
May-2025,Wilson Asset Management,WLE,TCL
May-2025,Wilson Asset Management,WLE,WBC
May-2025,Wilson Asset Management,WLE,WDS
May-2025,Wilson Asset Management,WLE,WTC
May-2025,Wilson Asset Management,WMI,ANG
May-2025,Wilson Asset Management,WMI,ASG
May-2025,Wilson Asset Management,WMI,BVS
May-2025,Wilson Asset Management,WMI,EML
May-2025,Wilson Asset Management,WMI,EOL
May-2025,Wilson Asset Management,WMI,EVO
May-2025,Wilson Asset Management,WMI,FCL
May-2025,Wilson Asset Management,WMI,GDG
May-2025,Wilson Asset Management,WMI,GNP
May-2025,Wilson Asset Management,WMI,GTK
May-2025,Wilson Asset Management,WMI,KLS
May-2025,Wilson Asset Management,WMI,NZM
May-2025,Wilson Asset Management,WMI,NZX
May-2025,Wilson Asset Management,WMI,PGC
May-2025,Wilson Asset Management,WMI,QOR
May-2025,Wilson Asset Management,WMI,SMP
May-2025,Wilson Asset Management,WMI,TEA
May-2025,Wilson Asset Management,WMI,TUA
May-2025,Wilson Asset Management,WMI,TYR
May-2025,Wilson Asset Management,WMX,ANZ
May-2025,Wilson Asset Management,WMX,APA
May-2025,Wilson Asset Management,WMX,GMG
May-2025,Wilson Asset Management,WMX,IAG
May-2025,Wilson Asset Management,WMX,MQG
May-2025,Wilson Asset Management,WMX,RIO
May-2025,Wilson Asset Management,WMX,TCL
May-2025,Wilson Asset Management,WMX,WBC
May-2025,Wilson Asset Management,WMX,WDS
May-2025,Wilson Asset Management,WMX,WTC
June-2025,Wilson Asset Management,WAM,360
June-2025,Wilson Asset Management,WAM,A2M
June-2025,Wilson Asset Management,WAM,ALQ
June-2025,Wilson Asset Management,WAM,CAR
June-2025,Wilson Asset Management,WAM,CDA
June-2025,Wilson Asset Management,WAM,CKF
June-2025,Wilson Asset Management,WAM,EML
June-2025,Wilson Asset Management,WAM,GDG
June-2025,Wilson Asset Management,WAM,GEM
June-2025,Wilson Asset Management,WAM,INA
June-2025,Wilson Asset Management,WAM,MGH
June-2025,Wilson Asset Management,WAM,MP1
June-2025,Wilson Asset Management,WAM,MYR
June-2025,Wilson Asset Management,WAM,PGC
June-2025,Wilson Asset Management,WAM,RIC
June-2025,Wilson Asset Management,WAM,SRG
June-2025,Wilson Asset Management,WAM,SSM
June-2025,Wilson Asset Management,WAM,TUA
June-2025,Wilson Asset Management,WAM,WEB
June-2025,Wilson Asset Management,WAX,ACL
June-2025,Wilson Asset Management,WAX,BLX
June-2025,Wilson Asset Management,WAX,CKF
June-2025,Wilson Asset Management,WAX,EVT
June-2025,Wilson Asset Management,WAX,GDG
June-2025,Wilson Asset Management,WAX,GEM
June-2025,Wilson Asset Management,WAX,GTK
June-2025,Wilson Asset Management,WAX,IDX
June-2025,Wilson Asset Management,WAX,IPH
June-2025,Wilson Asset Management,WAX,JDO
June-2025,Wilson Asset Management,WAX,MGH
June-2025,Wilson Asset Management,WAX,MYR
June-2025,Wilson Asset Management,WAX,NZX
June-2025,Wilson Asset Management,WAX,PGC
June-2025,Wilson Asset Management,WAX,RIC
June-2025,Wilson Asset Management,WAX,SNL
June-2025,Wilson Asset Management,WAX,SSM
June-2025,Wilson Asset Management,WAX,SUM
June-2025,Wilson Asset Management,WAX,TUA
June-2025,Wilson Asset Management,WAX,WEB
June-2025,Wilson Asset Management,WMI,AFG
June-2025,Wilson Asset Management,WMI,ASG
June-2025,Wilson Asset Management,WMI,EML
June-2025,Wilson Asset Management,WMI,EOL
June-2025,Wilson Asset Management,WMI,EVO
June-2025,Wilson Asset Management,WMI,FCL
June-2025,Wilson Asset Management,WMI,GNP
June-2025,Wilson Asset Management,WMI,GTK
June-2025,Wilson Asset Management,WMI,KLS
June-2025,Wilson Asset Management,WMI,NZM
June-2025,Wilson Asset Management,WMI,PGC
June-2025,Wilson Asset Management,WMI,PLT
June-2025,Wilson Asset Management,WMI,QOR
June-2025,Wilson Asset Management,WMI,SMP
June-2025,Wilson Asset Management,WMI,SNL
June-2025,Wilson Asset Management,WMI,TEA
June-2025,Wilson Asset Management,WMI,TRA
June-2025,Wilson Asset Management,WMI,TUA
June-2025,Wilson Asset Management,WMI,ZIP
July-2025,Wilson Asset Management,WAA,360
July-2025,Wilson Asset Management,WAA,APZ
July-2025,Wilson Asset Management,WAA,BBT
July-2025,Wilson Asset Management,WAA,CAT
July-2025,Wilson Asset Management,WAA,CU6
July-2025,Wilson Asset Management,WAA,ELD
July-2025,Wilson Asset Management,WAA,ELS
July-2025,Wilson Asset Management,WAA,GGP
July-2025,Wilson Asset Management,WAA,IDX
July-2025,Wilson Asset Management,WAA,IPX
July-2025,Wilson Asset Management,WAA,KBC
July-2025,Wilson Asset Management,WAA,LRV
July-2025,Wilson Asset Management,WAA,MGH
July-2025,Wilson Asset Management,WAA,MP1
July-2025,Wilson Asset Management,WAA,MTM
July-2025,Wilson Asset Management,WAA,QOR
July-2025,Wilson Asset Management,WAA,REG
July-2025,Wilson Asset Management,WAA,SRG
July-2025,Wilson Asset Management,WAA,ZIP
July-2025,Wilson Asset Management,WAM,360
July-2025,Wilson Asset Management,WAM,A2M
July-2025,Wilson Asset Management,WAM,ALQ
July-2025,Wilson Asset Management,WAM,CAR
July-2025,Wilson Asset Management,WAM,CAT
July-2025,Wilson Asset Management,WAM,CKF
July-2025,Wilson Asset Management,WAM,EML
July-2025,Wilson Asset Management,WAM,HVN
July-2025,Wilson Asset Management,WAM,IDX
July-2025,Wilson Asset Management,WAM,INA
July-2025,Wilson Asset Management,WAM,MGH
July-2025,Wilson Asset Management,WAM,MP1
July-2025,Wilson Asset Management,WAM,MYR
July-2025,Wilson Asset Management,WAM,PGC
July-2025,Wilson Asset Management,WAM,RIC
July-2025,Wilson Asset Management,WAM,SSM
July-2025,Wilson Asset Management,WAM,TUA
July-2025,Wilson Asset Management,WAM,WEB
July-2025,Wilson Asset Management,WAM,ZIP
July-2025,Wilson Asset Management,WAR,AOF
July-2025,Wilson Asset Management,WAR,CD2
July-2025,Wilson Asset Management,WAR,CD3
July-2025,Wilson Asset Management,WAR,CIN
July-2025,Wilson Asset Management,WAR,LRK
July-2025,Wilson Asset Management,WAR,LRT
July-2025,Wilson Asset Management,WAR,LSF
July-2025,Wilson Asset Management,WAR,NGE
July-2025,Wilson Asset Management,WAR,NSC
July-2025,Wilson Asset Management,WAR,OPH
July-2025,Wilson Asset Management,WAR,PAI
July-2025,Wilson Asset Management,WAR,PIA
July-2025,Wilson Asset Management,WAR,PIC
July-2025,Wilson Asset Management,WAR,PMC
July-2025,Wilson Asset Management,WAR,RG8
July-2025,Wilson Asset Management,WAR,SB2
July-2025,Wilson Asset Management,WAR,TEK
July-2025,Wilson Asset Management,WAR,VG1
July-2025,Wilson Asset Management,WAR,WGB
July-2025,Wilson Asset Management,WAR,WQG
July-2025,Wilson Asset Management,WAX,BLX
July-2025,Wilson Asset Management,WAX,CKF
July-2025,Wilson Asset Management,WAX,CTD
July-2025,Wilson Asset Management,WAX,EVT
July-2025,Wilson Asset Management,WAX,GDG
July-2025,Wilson Asset Management,WAX,GLF
July-2025,Wilson Asset Management,WAX,GTK
July-2025,Wilson Asset Management,WAX,IDX
July-2025,Wilson Asset Management,WAX,MGH
July-2025,Wilson Asset Management,WAX,MYR
July-2025,Wilson Asset Management,WAX,NZX
July-2025,Wilson Asset Management,WAX,PGC
July-2025,Wilson Asset Management,WAX,REG
July-2025,Wilson Asset Management,WAX,RIC
July-2025,Wilson Asset Management,WAX,SNL
July-2025,Wilson Asset Management,WAX,SSM
July-2025,Wilson Asset Management,WAX,SUM
July-2025,Wilson Asset Management,WAX,TNE
July-2025,Wilson Asset Management,WAX,TUA
July-2025,Wilson Asset Management,WAX,WEB
July-2025,Wilson Asset Management,WLE,A2M
July-2025,Wilson Asset Management,WLE,ALL
July-2025,Wilson Asset Management,WLE,ANZ
July-2025,Wilson Asset Management,WLE,BHP
July-2025,Wilson Asset Management,WLE,COL
July-2025,Wilson Asset Management,WLE,CSL
July-2025,Wilson Asset Management,WLE,GMG
July-2025,Wilson Asset Management,WLE,IAG
July-2025,Wilson Asset Management,WLE,MQG
July-2025,Wilson Asset Management,WLE,NAB
July-2025,Wilson Asset Management,WLE,NXT
July-2025,Wilson Asset Management,WLE,QBE
July-2025,Wilson Asset Management,WLE,RIO
July-2025,Wilson Asset Management,WLE,SPK
July-2025,Wilson Asset Management,WLE,WBC
July-2025,Wilson Asset Management,WLE,WDS
July-2025,Wilson Asset Management,WLE,WES
July-2025,Wilson Asset Management,WLE,WOW
July-2025,Wilson Asset Management,WLE,WTC
July-2025,Wilson Asset Management,WLE,XRO
July-2025,Wilson Asset Management,WMI,AFG
July-2025,Wilson Asset Management,WMI,ASG
July-2025,Wilson Asset Management,WMI,COG
July-2025,Wilson Asset Management,WMI,EML
July-2025,Wilson Asset Management,WMI,EOL
July-2025,Wilson Asset Management,WMI,FCL
July-2025,Wilson Asset Management,WMI,GNP
July-2025,Wilson Asset Management,WMI,KLS
July-2025,Wilson Asset Management,WMI,NZM
July-2025,Wilson Asset Management,WMI,PGC
July-2025,Wilson Asset Management,WMI,PLT
July-2025,Wilson Asset Management,WMI,QAL
July-2025,Wilson Asset Management,WMI,QOR
July-2025,Wilson Asset Management,WMI,REG
July-2025,Wilson Asset Management,WMI,RPL
July-2025,Wilson Asset Management,WMI,SMP
July-2025,Wilson Asset Management,WMI,TEA
July-2025,Wilson Asset Management,WMI,TUA
July-2025,Wilson Asset Management,WMI,ZIP
July-2025,Wilson Asset Management,WMX,A2M
July-2025,Wilson Asset Management,WMX,ALL
July-2025,Wilson Asset Management,WMX,ANZ
July-2025,Wilson Asset Management,WMX,BHP
July-2025,Wilson Asset Management,WMX,CSL
July-2025,Wilson Asset Management,WMX,GMG
July-2025,Wilson Asset Management,WMX,NXT
July-2025,Wilson Asset Management,WMX,RIO
July-2025,Wilson Asset Management,WMX,WOW
July-2025,Wilson Asset Management,WMX,WTC
Aug-2025,Wilson Asset Management,WAA,A2M
Aug-2025,Wilson Asset Management,WAA,AFG
Aug-2025,Wilson Asset Management,WAA,APZ
Aug-2025,Wilson Asset Management,WAA,AYA
Aug-2025,Wilson Asset Management,WAA,BBT
Aug-2025,Wilson Asset Management,WAA,CTD
Aug-2025,Wilson Asset Management,WAA,ELD
Aug-2025,Wilson Asset Management,WAA,ERD
Aug-2025,Wilson Asset Management,WAA,HVN
Aug-2025,Wilson Asset Management,WAA,IPX
Aug-2025,Wilson Asset Management,WAA,KBC
Aug-2025,Wilson Asset Management,WAA,LYC
Aug-2025,Wilson Asset Management,WAA,MGH
Aug-2025,Wilson Asset Management,WAA,MP1
Aug-2025,Wilson Asset Management,WAA,MTO
Aug-2025,Wilson Asset Management,WAA,NWH
Aug-2025,Wilson Asset Management,WAA,QOR
Aug-2025,Wilson Asset Management,WAA,TAH
Aug-2025,Wilson Asset Management,WAA,TPW
Aug-2025,Wilson Asset Management,WAA,TUA
Aug-2025,Wilson Asset Management,WAM,A2M
Aug-2025,Wilson Asset Management,WAM,ALQ
Aug-2025,Wilson Asset Management,WAM,APE
Aug-2025,Wilson Asset Management,WAM,CKF
Aug-2025,Wilson Asset Management,WAM,CTD
Aug-2025,Wilson Asset Management,WAM,EML
Aug-2025,Wilson Asset Management,WAM,GDG
Aug-2025,Wilson Asset Management,WAM,GLF
Aug-2025,Wilson Asset Management,WAM,GTK
Aug-2025,Wilson Asset Management,WAM,HVN
Aug-2025,Wilson Asset Management,WAM,IDX
Aug-2025,Wilson Asset Management,WAM,INA
Aug-2025,Wilson Asset Management,WAM,JDO
Aug-2025,Wilson Asset Management,WAM,MGH
Aug-2025,Wilson Asset Management,WAM,MP1
Aug-2025,Wilson Asset Management,WAM,OML
Aug-2025,Wilson Asset Management,WAM,TPW
Aug-2025,Wilson Asset Management,WAM,TUA
Aug-2025,Wilson Asset Management,WAM,WEB
Aug-2025,Wilson Asset Management,WAM,ZIP
Aug-2025,Wilson Asset Management,WAR,AOF
Aug-2025,Wilson Asset Management,WAR,CD2
Aug-2025,Wilson Asset Management,WAR,CD3
Aug-2025,Wilson Asset Management,WAR,CIN
Aug-2025,Wilson Asset Management,WAR,LRK
Aug-2025,Wilson Asset Management,WAR,LRT
Aug-2025,Wilson Asset Management,WAR,LSF
Aug-2025,Wilson Asset Management,WAR,NGE
Aug-2025,Wilson Asset Management,WAR,NSC
Aug-2025,Wilson Asset Management,WAR,OPH
Aug-2025,Wilson Asset Management,WAR,PIA
Aug-2025,Wilson Asset Management,WAR,PIC
Aug-2025,Wilson Asset Management,WAR,PMC
Aug-2025,Wilson Asset Management,WAR,RG8
Aug-2025,Wilson Asset Management,WAR,SB2
Aug-2025,Wilson Asset Management,WAR,TEK
Aug-2025,Wilson Asset Management,WAR,VG1
Aug-2025,Wilson Asset Management,WAR,WGB
Aug-2025,Wilson Asset Management,WAR,WQG
Aug-2025,Wilson Asset Management,WAX,CKF
Aug-2025,Wilson Asset Management,WAX,EOL
Aug-2025,Wilson Asset Management,WAX,EVT
Aug-2025,Wilson Asset Management,WAX,GDG
Aug-2025,Wilson Asset Management,WAX,GLF
Aug-2025,Wilson Asset Management,WAX,GTK
Aug-2025,Wilson Asset Management,WAX,IDX
Aug-2025,Wilson Asset Management,WAX,JDO
Aug-2025,Wilson Asset Management,WAX,LOV
Aug-2025,Wilson Asset Management,WAX,MGH
Aug-2025,Wilson Asset Management,WAX,MYR
Aug-2025,Wilson Asset Management,WAX,PGC
Aug-2025,Wilson Asset Management,WAX,QOR
Aug-2025,Wilson Asset Management,WAX,REG
Aug-2025,Wilson Asset Management,WAX,RIC
Aug-2025,Wilson Asset Management,WAX,SNL
Aug-2025,Wilson Asset Management,WAX,SSM
Aug-2025,Wilson Asset Management,WAX,TPW
Aug-2025,Wilson Asset Management,WAX,TUA
Aug-2025,Wilson Asset Management,WAX,WEB
Aug-2025,Wilson Asset Management,WLE,ALD
Aug-2025,Wilson Asset Management,WLE,ALL
Aug-2025,Wilson Asset Management,WLE,ANZ
Aug-2025,Wilson Asset Management,WLE,APA
Aug-2025,Wilson Asset Management,WLE,BHP
Aug-2025,Wilson Asset Management,WLE,COL
Aug-2025,Wilson Asset Management,WLE,CSL
Aug-2025,Wilson Asset Management,WLE,GMG
Aug-2025,Wilson Asset Management,WLE,IAG
Aug-2025,Wilson Asset Management,WLE,MPL
Aug-2025,Wilson Asset Management,WLE,NAB
Aug-2025,Wilson Asset Management,WLE,NXT
Aug-2025,Wilson Asset Management,WLE,ORA
Aug-2025,Wilson Asset Management,WLE,QAN
Aug-2025,Wilson Asset Management,WLE,RIO
Aug-2025,Wilson Asset Management,WLE,SPK
Aug-2025,Wilson Asset Management,WLE,TLS
Aug-2025,Wilson Asset Management,WLE,WBC
Aug-2025,Wilson Asset Management,WLE,WDS
Aug-2025,Wilson Asset Management,WLE,WTC
Aug-2025,Wilson Asset Management,WMI,AFG
Aug-2025,Wilson Asset Management,WMI,ASG
Aug-2025,Wilson Asset Management,WMI,BLX
Aug-2025,Wilson Asset Management,WMI,CWP
Aug-2025,Wilson Asset Management,WMI,EML
Aug-2025,Wilson Asset Management,WMI,EOL
Aug-2025,Wilson Asset Management,WMI,FCL
Aug-2025,Wilson Asset Management,WMI,GDG
Aug-2025,Wilson Asset Management,WMI,GNP
Aug-2025,Wilson Asset Management,WMI,KLS
Aug-2025,Wilson Asset Management,WMI,PLT
Aug-2025,Wilson Asset Management,WMI,QAL
Aug-2025,Wilson Asset Management,WMI,QOR
Aug-2025,Wilson Asset Management,WMI,RPL
Aug-2025,Wilson Asset Management,WMI,SMP
Aug-2025,Wilson Asset Management,WMI,TEA
Aug-2025,Wilson Asset Management,WMI,TRA
Aug-2025,Wilson Asset Management,WMI,TUA
Aug-2025,Wilson Asset Management,WMI,TYR
Aug-2025,Wilson Asset Management,WMI,ZIP
Aug-2025,Wilson Asset Management,WMX,ALD
Aug-2025,Wilson Asset Management,WMX,ANZ
Aug-2025,Wilson Asset Management,WMX,APA
Aug-2025,Wilson Asset Management,WMX,BHP
Aug-2025,Wilson Asset Management,WMX,COL
Aug-2025,Wilson Asset Management,WMX,GMG
Aug-2025,Wilson Asset Management,WMX,IAG
Aug-2025,Wilson Asset Management,WMX,RIO
Aug-2025,Wilson Asset Management,WMX,TUA
Aug-2025,Wilson Asset Management,WMX,WTC
Sep-2025,Wilson Asset Management,WAA,ABB
Sep-2025,Wilson Asset Management,WAA,AYA
Sep-2025,Wilson Asset Management,WAA,BBT
Sep-2025,Wilson Asset Management,WAA,CTD
Sep-2025,Wilson Asset Management,WAA,ERD
Sep-2025,Wilson Asset Management,WAA,GTK
Sep-2025,Wilson Asset Management,WAA,KBC
Sep-2025,Wilson Asset Management,WAA,LIN
Sep-2025,Wilson Asset Management,WAA,MAF
Sep-2025,Wilson Asset Management,WAA,MP1
Sep-2025,Wilson Asset Management,WAA,MTM
Sep-2025,Wilson Asset Management,WAA,MTO
Sep-2025,Wilson Asset Management,WAA,PDN
Sep-2025,Wilson Asset Management,WAA,PFP
Sep-2025,Wilson Asset Management,WAA,QOR
Sep-2025,Wilson Asset Management,WAA,RPL
Sep-2025,Wilson Asset Management,WAA,SDR
Sep-2025,Wilson Asset Management,WAA,SLX
Sep-2025,Wilson Asset Management,WAA,TEA
Sep-2025,Wilson Asset Management,WAA,ZIP
Sep-2025,Wilson Asset Management,WAM,360
Sep-2025,Wilson Asset Management,WAM,A2M
Sep-2025,Wilson Asset Management,WAM,ALQ
Sep-2025,Wilson Asset Management,WAM,CAR
Sep-2025,Wilson Asset Management,WAM,CKF
Sep-2025,Wilson Asset Management,WAM,CTD
Sep-2025,Wilson Asset Management,WAM,EML
Sep-2025,Wilson Asset Management,WAM,GDG
Sep-2025,Wilson Asset Management,WAM,GLF
Sep-2025,Wilson Asset Management,WAM,GTK
Sep-2025,Wilson Asset Management,WAM,HUB
Sep-2025,Wilson Asset Management,WAM,IDX
Sep-2025,Wilson Asset Management,WAM,INA
Sep-2025,Wilson Asset Management,WAM,MGH
Sep-2025,Wilson Asset Management,WAM,MP1
Sep-2025,Wilson Asset Management,WAM,SSM
Sep-2025,Wilson Asset Management,WAM,TPW
Sep-2025,Wilson Asset Management,WAM,TUA
Sep-2025,Wilson Asset Management,WAM,WEB
Sep-2025,Wilson Asset Management,WAM,ZIP
Sep-2025,Wilson Asset Management,WAR,AOF
Sep-2025,Wilson Asset Management,WAR,CD3
Sep-2025,Wilson Asset Management,WAR,CIN
Sep-2025,Wilson Asset Management,WAR,CIW
Sep-2025,Wilson Asset Management,WAR,GDC
Sep-2025,Wilson Asset Management,WAR,LRK
Sep-2025,Wilson Asset Management,WAR,LRT
Sep-2025,Wilson Asset Management,WAR,LSF
Sep-2025,Wilson Asset Management,WAR,NGE
Sep-2025,Wilson Asset Management,WAR,NSC
Sep-2025,Wilson Asset Management,WAR,OPH
Sep-2025,Wilson Asset Management,WAR,PIA
Sep-2025,Wilson Asset Management,WAR,PIC
Sep-2025,Wilson Asset Management,WAR,RG8
Sep-2025,Wilson Asset Management,WAR,SB2
Sep-2025,Wilson Asset Management,WAR,SOL
Sep-2025,Wilson Asset Management,WAR,TEK
Sep-2025,Wilson Asset Management,WAR,VG1
Sep-2025,Wilson Asset Management,WAR,WGB
Sep-2025,Wilson Asset Management,WAR,WQG
Sep-2025,Wilson Asset Management,WAX,BLX
Sep-2025,Wilson Asset Management,WAX,CKF
Sep-2025,Wilson Asset Management,WAX,EOL
Sep-2025,Wilson Asset Management,WAX,GDG
Sep-2025,Wilson Asset Management,WAX,GLF
Sep-2025,Wilson Asset Management,WAX,GTK
Sep-2025,Wilson Asset Management,WAX,IDX
Sep-2025,Wilson Asset Management,WAX,JDO
Sep-2025,Wilson Asset Management,WAX,LOV
Sep-2025,Wilson Asset Management,WAX,MGH
Sep-2025,Wilson Asset Management,WAX,MP1
Sep-2025,Wilson Asset Management,WAX,PGC
Sep-2025,Wilson Asset Management,WAX,PNI
Sep-2025,Wilson Asset Management,WAX,RIC
Sep-2025,Wilson Asset Management,WAX,SOL
Sep-2025,Wilson Asset Management,WAX,SSM
Sep-2025,Wilson Asset Management,WAX,TNE
Sep-2025,Wilson Asset Management,WAX,TPW
Sep-2025,Wilson Asset Management,WAX,TUA
Sep-2025,Wilson Asset Management,WAX,WEB
Sep-2025,Wilson Asset Management,WLE,A2M
Sep-2025,Wilson Asset Management,WLE,ALL
Sep-2025,Wilson Asset Management,WLE,ANZ
Sep-2025,Wilson Asset Management,WLE,BHP
Sep-2025,Wilson Asset Management,WLE,CGF
Sep-2025,Wilson Asset Management,WLE,COL
Sep-2025,Wilson Asset Management,WLE,CSL
Sep-2025,Wilson Asset Management,WLE,GMG
Sep-2025,Wilson Asset Management,WLE,MGR
Sep-2025,Wilson Asset Management,WLE,MQG
Sep-2025,Wilson Asset Management,WLE,NAB
Sep-2025,Wilson Asset Management,WLE,ORA
Sep-2025,Wilson Asset Management,WLE,QAN
Sep-2025,Wilson Asset Management,WLE,RIO
Sep-2025,Wilson Asset Management,WLE,RMD
Sep-2025,Wilson Asset Management,WLE,SGP
Sep-2025,Wilson Asset Management,WLE,SOL
Sep-2025,Wilson Asset Management,WLE,TLS
Sep-2025,Wilson Asset Management,WLE,WBC
Sep-2025,Wilson Asset Management,WLE,WTC
Sep-2025,Wilson Asset Management,WMI,AFG
Sep-2025,Wilson Asset Management,WMI,AIM
Sep-2025,Wilson Asset Management,WMI,ASG
Sep-2025,Wilson Asset Management,WMI,BLX
Sep-2025,Wilson Asset Management,WMI,COG
Sep-2025,Wilson Asset Management,WMI,EML
Sep-2025,Wilson Asset Management,WMI,EOL
Sep-2025,Wilson Asset Management,WMI,ERD
Sep-2025,Wilson Asset Management,WMI,FCL
Sep-2025,Wilson Asset Management,WMI,GDG
Sep-2025,Wilson Asset Management,WMI,GNP
Sep-2025,Wilson Asset Management,WMI,KLS
Sep-2025,Wilson Asset Management,WMI,PLT
Sep-2025,Wilson Asset Management,WMI,QAL
Sep-2025,Wilson Asset Management,WMI,QOR
Sep-2025,Wilson Asset Management,WMI,RPL
Sep-2025,Wilson Asset Management,WMI,SMP
Sep-2025,Wilson Asset Management,WMI,TRA
Sep-2025,Wilson Asset Management,WMI,TUA
Sep-2025,Wilson Asset Management,WMI,ZIP
Sep-2025,Wilson Asset Management,WMX,ANZ
Sep-2025,Wilson Asset Management,WMX,BHP
Sep-2025,Wilson Asset Management,WMX,CGF
Sep-2025,Wilson Asset Management,WMX,CSL
Sep-2025,Wilson Asset Management,WMX,NAB
Sep-2025,Wilson Asset Management,WMX,ORA
Sep-2025,Wilson Asset Management,WMX,RIO
Sep-2025,Wilson Asset Management,WMX,SGP
Sep-2025,Wilson Asset Management,WMX,WBC
Sep-2025,Wilson Asset Management,WMX,WTC
